Route ID,False,True,Pct Change
M79+,7.188657136110586,7.656829754773651,6.512657507496164
B26,7.554159577222085,7.774651940654403,2.9188205673754184
M42,5.556180902215978,5.717099464623977,2.896208119210439
M4,6.368949859273057,6.505887127436259,2.1500760908617393
B41,7.397586245494047,7.464962449501797,0.910786326401942
